{
  "title":"Moving missle",
  "description":"Moves up and if it hits a immovable object anywhere it releases a nuke into the world",
  "width":5,
  "height":6,
  "cells":[
    {"y":1,"rot":1,"x":2,"id":1},
    {"y":1,"rot":1,"x":3,"id":1},
    {"y":1,"rot":1,"x":4,"id":1},
    {"y":2,"rot":0,"x":1,"id":1},
    {"y":2,"rot":3,"x":2,"id":22},
    {"y":2,"rot":3,"x":3,"id":54},
    {"y":2,"rot":0,"x":4,"id":22},
    {"y":2,"rot":2,"x":5,"id":1},
    {"y":3,"rot":0,"x":1,"id":1},
    {"y":3,"rot":2,"x":2,"id":54},
    {"y":3,"rot":0,"x":3,"id":8},
    {"y":3,"rot":0,"x":4,"id":54},
    {"y":3,"rot":2,"x":5,"id":1},
    {"y":4,"rot":0,"x":1,"id":1},
    {"y":4,"rot":2,"x":2,"id":22},
    {"y":4,"rot":1,"x":3,"id":54},
    {"y":4,"rot":1,"x":4,"id":22},
    {"y":4,"rot":2,"x":5,"id":1},
    {"y":5,"rot":3,"x":1,"id":1},
    {"y":5,"rot":3,"x":2,"id":1},
    {"y":5,"rot":3,"x":3,"id":1},
    {"y":5,"rot":3,"x":4,"id":1},
    {"y":5,"rot":3,"x":5,"id":1},
    {"y":6,"rot":3,"x":2,"id":1},
    {"y":6,"rot":3,"x":3,"id":1},
    {"y":6,"rot":3,"x":4,"id":1}
  ]
}